{"f1": 0.8743169398907104, "precision": 0.9411764705882353, "recall": 0.8163265306122449}